stage,device,batch_size,output_len,tokens_per_sec,ttft_ms,tpot_ms,p50_ms,p99_ms,peak_mem_gb,git_sha,timestamp
naive,mps,1,64,6.577734745574559,84.1892500029644,152.02802160315008,9636.288958005025,9913.951215315028,0.98806656,70a81a4,2026-09-27T07:06:26.468548+00:00
kv,mps,1,64,18.53440621112446,64.64054199750535,53.95371120116025,3479.1567909996957,3499.403143145901,0.98806656,70a81a4,2026-09-27T07:06:47.837186+00:00
naive,mps,1,32,10.755865613186309,77.8837499965448,92.97252643004721,2892.508374992758,3259.031314997119,0.988066816,70a81a4,2026-09-27T11:24:37.561030+00:00
kv,mps,1,32,20.572812358396103,57.828667006106116,48.60784138693044,1521.6083329869434,1680.2774791614502,0.988066816,70a81a4,2026-09-27T11:24:47.465424+00:00
naive,mps,1,128,7.647447722281282,66.12775000394322,130.7625807086516,16714.023916007136,16873.51107600756,0.988066816,70a81a4,2026-09-27T11:26:32.160470+00:00
kv,mps,1,128,21.12656653612774,56.75141699612141,47.33376804460573,6087.01045899943,6128.827916501323,0.988066816,70a81a4,2026-09-27T11:27:09.287914+00:00
naive,mps,1,256,5.127822340418042,76.47429200005718,195.01455659216066,49854.10574999696,50328.11811231746,0.988066816,70a81a4,2026-09-27T11:32:18.365515+00:00
kv,mps,1,256,18.783599797631695,58.13095900521148,53.23793153461903,12546.345416994882,15808.477908515779,0.988066816,70a81a4,2026-09-27T11:33:39.672270+00:00
naive,mps,1,512,1.9993979964342081,94.85354099888355,500.1505462061244,260614.88329200074,278136.0373033304,0.988066816,70a81a4,2026-09-27T12:00:15.104418+00:00
kv,mps,1,512,21.835916783372102,73.43820900132414,45.79610784931609,21769.349832989974,27562.166134159197,0.988066816,70a81a4,2026-09-27T12:02:58.478041+00:00
